Position,Company,Location,URL
라인프렌즈 2022년 각 부문 수시의 전체 세부 정보,라인프렌즈,서울 용산구,https://kr.indeed.com/rc/clk?jk=1015284880e2ff62&fccid=b6f22bcb6078a2c4&vjs=3
[정규직] 2022년 소프트웨어 연구개발 신입/경력 사원의 전체 세부 정보,스카이시스,울산 북구,https://kr.indeed.com/rc/clk?jk=9f50e72b1130520d&fccid=c182093a93404981&vjs=3
Cloud Engineer  Infrastructure  Google Cloud Professional Se...의 전체 세부 정보,Google,서울,https://kr.indeed.com/rc/clk?jk=df44443f36e6196a&fccid=a5b4499d9e91a5c6&vjs=3
SCM혁신 신입/경력 사원 공개채용의 전체 세부 정보,유한킴벌리,서울 신천동,https://kr.indeed.com/rc/clk?jk=c759fe51adbc3ea1&fccid=b946e043e6327409&vjs=3
AI개발 및 고도화  연구 업무의 전체 세부 정보,플루언트,서울 강남구,https://kr.indeed.com/rc/clk?jk=c1d56b0d49e1958c&fccid=8fd103d8370e171f&vjs=3
2022년 하반기 신입사원 (IT 시스템 개발/운영)의 전체 세부 정보,SK텔링크,서울 중구,https://kr.indeed.com/rc/clk?jk=ec83e01319142847&fccid=2b8496d6944f9429&vjs=3
'22년 하반기 신입 R&D 채용의 전체 세부 정보,한화그룹,서울,https://kr.indeed.com/rc/clk?jk=53216e6973b5e2f3&fccid=bd0dc1817223394f&vjs=3
언어이해(NLU) 기술 전문가의 전체 세부 정보,에스케이텔레콤,서울 종로구,https://kr.indeed.com/rc/clk?jk=cf50bdb811474442&fccid=ce2f0f28b40a5be8&vjs=3
2022년 양자 ICT 분야 포닥 펠로우십 연구원 공개의 전체 세부 정보,한국지능정보사회진흥원,서울 중구,https://kr.indeed.com/rc/clk?jk=7cd241dca2cccaec&fccid=40802c004429d453&vjs=3
금융공학연구소 신입/경력 채용의 전체 세부 정보,KIS채권평가,서울 여의도,https://kr.indeed.com/rc/clk?jk=eaf27d0f05e18378&fccid=c54b7952dd9d6d70&vjs=3
[HYBE] Hybrid IT(Cloud + On-premise) 인프라 운영의 전체 세부 정보,하이브,서울 용산구,https://kr.indeed.com/rc/clk?jk=63e23c8f307c3a75&fccid=55c46c15186153ee&vjs=3
제어 엔지니어 신입 (전문연구요원)의 전체 세부 정보,컨트롤웍스,서울 강남구,https://kr.indeed.com/rc/clk?jk=52d2738148117f1f&fccid=b9a4c1a753f43642&vjs=3
[일 7시간] PHP 웹 백엔드 개발자의 전체 세부 정보,위마크,성남 분당구,https://kr.indeed.com/rc/clk?jk=486545db83b2e5d2&fccid=04384b0a434f847b&vjs=3
[11번가] 빅데이터 처리 시스템 개발 분야의 전체 세부 정보,십일번가,서울 중구,https://kr.indeed.com/rc/clk?jk=ad18d94d7ffcb49f&fccid=54911ff2dce6c429&vjs=3
데이터 분석 전문가의 전체 세부 정보,에스케이텔레콤,서울 중구,https://kr.indeed.com/rc/clk?jk=177e0e206497cc18&fccid=ce2f0f28b40a5be8&vjs=3
[11번가] System Engineer 분야의 전체 세부 정보,십일번가,서울 중구,https://kr.indeed.com/rc/clk?jk=60316b7ad62ed396&fccid=54911ff2dce6c429&vjs=3
JR0186078 AI Research Engineer Intern의 전체 세부 정보,인텔코리아,서울,https://kr.indeed.com/rc/clk?jk=016de9bb83a8032d&fccid=ded06d6a6799d929&vjs=3
R&D 개발 신입 채용의 전체 세부 정보,연합인포맥스,서울 수송동,https://kr.indeed.com/rc/clk?jk=90fbc1c2488bed24&fccid=c0cba40e6676323a&vjs=3
BRAIN Research Intern의 전체 세부 정보,WorldQuant,서울,https://kr.indeed.com/rc/clk?jk=d2e4e995d5bec222&fccid=08487f979320ebae&vjs=3
Python 기반 빅데이터 처리 개발자의 전체 세부 정보,드림어스컴퍼니,서울 서초구,https://kr.indeed.com/rc/clk?jk=d364360d1e0368e3&fccid=d5dc18a57ad82f07&vjs=3
Node.js  Python기반 사내 시스템 프로그램 개발자 경력 2년 이상의 전체 세부 정보,트렌드헌터,서울 강남구,https://kr.indeed.com/rc/clk?jk=5aa466f05684c38a&fccid=98111c750b99afdc&vjs=3
텍스트 마이닝 등 빅데이터분석 / 신입의 전체 세부 정보,오피니언라이브,서울 강서구,https://kr.indeed.com/rc/clk?jk=4daccd34c60f65c8&fccid=da8d6f1485dedda3&vjs=3
Technical Consultant의 전체 세부 정보,Veeva Systems,경기도,https://kr.indeed.com/rc/clk?jk=d1dd8d47fe59b61c&fccid=353eb997fc901045&vjs=3
[외국계 스타트업 미소] Business Analyst Intern (정규직 전환형)의 전체 세부 정보,유한회사 미소,서울,https://kr.indeed.com/rc/clk?jk=4c25d6649f8434a8&fccid=02936474a8d39137&vjs=3
영상처리  컴퓨터 비전 전문가 (신입/경력)의 전체 세부 정보,에바,성남 수정구,https://kr.indeed.com/rc/clk?jk=2642a83874ea6bab&fccid=5cc87f5890bd7170&vjs=3
[외국계 스타트업 미소] Business Analyst의 전체 세부 정보,유한회사 미소,서울,https://kr.indeed.com/rc/clk?jk=51df90967b46e8f0&fccid=02936474a8d39137&vjs=3
기술 인턴 인공지능 응용 연구/개발 인턴의 전체 세부 정보,써로마인드로보틱스,서울 관악구,https://kr.indeed.com/rc/clk?jk=71c47ac87bb4087e&fccid=230e414668234579&vjs=3
딥러닝 통한 인공지능 솔루션 개발자의 전체 세부 정보,엘세븐시큐리티,서울 송파구,https://kr.indeed.com/rc/clk?jk=554e814302b8a380&fccid=72880ee98034ba13&vjs=3
[기술본부] 데이터거버넌스 엔지니어의 전체 세부 정보,Nexon,경기도 성남,https://kr.indeed.com/rc/clk?jk=d37ee1c76b41a9aa&fccid=aba87288e4cc3687&vjs=3
자사솔루션 (OCEAN) 개발 및 구축 (신입/경력)의 전체 세부 정보,에스넷시스템,서울 송파구,https://kr.indeed.com/rc/clk?jk=1246a0cd7277bc2b&fccid=afb0c965668b7972&vjs=3
웹개발자 백엔드&서버개발(HTML·DHTML·mHTML  JAVA 외) 신입/경력 정규직의 전체 세부 정보,블록스퀘어서울,서울 서초구,https://kr.indeed.com/rc/clk?jk=d8d732e66cb82eca&fccid=72348558bd9456ba&vjs=3
SW개발자 신입의 전체 세부 정보,컨트롤웍스,서울 강남구,https://kr.indeed.com/rc/clk?jk=ebbb216954057257&fccid=b9a4c1a753f43642&vjs=3
[클라우드플랫폼실] System Engineering팀 클라우드 엔지니어의 전체 세부 정보,야놀자,서울 강남구,https://kr.indeed.com/rc/clk?jk=4ae5eb5bb613a826&fccid=73fe623ec23ed0a5&vjs=3
Data Engineering 분야 개발자의 전체 세부 정보,에스케이텔레콤,서울 중구,https://kr.indeed.com/rc/clk?jk=6ca0656d7bc91045&fccid=ce2f0f28b40a5be8&vjs=3
Digital Innovation Program Manager  APJ의 전체 세부 정보,Amazon Web Services Korea LLC,서울,https://kr.indeed.com/rc/clk?jk=365b09f16bbded03&fccid=fe2d21eef233e94a&vjs=3
Technical Trainer - Amazon Web Services의 전체 세부 정보,Amazon Web Services Korea LLC,서울,https://kr.indeed.com/rc/clk?jk=eb928733b2ccdfea&fccid=fe2d21eef233e94a&vjs=3
Kafka 담당자 영입의 전체 세부 정보,카카오페이,성남 분당구,https://kr.indeed.com/rc/clk?jk=97e9de2381da633d&fccid=c3aa6121be03065c&vjs=3
Customer Engineer  Data Analytics  Google Cloud의 전체 세부 정보,Google,서울,https://kr.indeed.com/rc/clk?jk=4800ed0bd1febca9&fccid=a5b4499d9e91a5c6&vjs=3
Technical Solutions Engineer  Wear OS의 전체 세부 정보,Google,서울,https://kr.indeed.com/rc/clk?jk=6e40505ede5deff5&fccid=a5b4499d9e91a5c6&vjs=3
C# S/W 개발자 or Python 응용 S/W 개발(사원주임대리과장의 전체 세부 정보,제스엔지니어링,서울 금천구,https://kr.indeed.com/rc/clk?jk=37df5ae012725ae2&fccid=0f2f8141103a3f4e&vjs=3
[빅데이터기획팀] 부동산 데이터관리의 전체 세부 정보,직방,서울 종로구,https://kr.indeed.com/rc/clk?jk=e236a4cb41188ece&fccid=750d792cf813d448&vjs=3
Associate Software Engineer  gReach Program for Veterans (보훈...의 전체 세부 정보,Google,서울,https://kr.indeed.com/rc/clk?jk=2d887b3032ebc835&fccid=a5b4499d9e91a5c6&vjs=3
Quantitative Research Intern의 전체 세부 정보,WorldQuant,서울,https://kr.indeed.com/rc/clk?jk=679e7e7466c71a3e&fccid=08487f979320ebae&vjs=3
[카카오 콘텐츠] 데이터 엔지니어 모집의 전체 세부 정보,카카오,대한민국,https://kr.indeed.com/rc/clk?jk=1174b224bed61f3d&fccid=32b9af632cf3b9f9&vjs=3
[DB하이텍] 2022년 하반기 신입사원의 전체 세부 정보,DB하이텍,성남 분당구,https://kr.indeed.com/rc/clk?jk=0a25ad659ade2a31&fccid=eea775a7968b4a3d&vjs=3
시스템개발실 (front-end  back-end  인공지능개발)의 전체 세부 정보,인포보스,서울 강남구,https://kr.indeed.com/rc/clk?jk=e0aade664e2448a0&fccid=26efa0b77e7105f9&vjs=3
리눅스 기술지원 엔지니어의 전체 세부 정보,유엔넷,서울 강남구,https://kr.indeed.com/rc/clk?jk=0e282c28618a079e&fccid=761b24064fd23903&vjs=3
컴퓨터비전 개발자 경력 정규직의 전체 세부 정보,라이트비전,서울 성동구,https://kr.indeed.com/rc/clk?jk=8f0860c98cd7db86&fccid=e391d8e930358bac&vjs=3
System Engineer의 전체 세부 정보,지마켓글로벌 유한책임회사,서울 강남구,https://kr.indeed.com/rc/clk?jk=1336e9275d1dd356&fccid=20a435d8b63c69d9&vjs=3
Python 기반 빅데이터분석가의 전체 세부 정보,이노포스트 관심기업,서울 방배동,https://kr.indeed.com/rc/clk?jk=9a9bd236f2d05ff3&fccid=fef732c91b3e25e1&vjs=3
데이터/머신러닝 엔지니어 신입/경력의 전체 세부 정보,게임빌컴투스플랫폼,서울 금천구,https://kr.indeed.com/rc/clk?jk=0e010b089975a37a&fccid=54f10c800a9048d4&vjs=3
신입 및 경력직원의 전체 세부 정보,한국자산평가,대한민국,https://kr.indeed.com/rc/clk?jk=bc43a36fef870b9a&fccid=413114278f3d6174&vjs=3
분석모델의 전체 세부 정보,KB데이타시스템,서울 마포구,https://kr.indeed.com/rc/clk?jk=9f97e6f75a2542c9&fccid=fe227fbd2afb9580&vjs=3
리서치(사회조사/마케팅/시장조사) 연구원 신입/경력 정규직의 전체 세부 정보,리서치앤유,서울 성동구,https://kr.indeed.com/rc/clk?jk=de6547a5f2894d76&fccid=7c977224f6d09f7d&vjs=3
자산운용팀 전략/리스크팀 퀀트(겨울방학 인턴)의 전체 세부 정보,마이퍼스트에셋자산운용,대한민국,https://kr.indeed.com/rc/clk?jk=872035f47cfd4850&fccid=e26f0428e52f0752&vjs=3
백엔드 개발 경력 채용의 전체 세부 정보,SK렌터카,서울 관철동,https://kr.indeed.com/rc/clk?jk=8e81d7627420ed4a&fccid=35211f245e490aae&vjs=3
2022 하반기 신입/경력 상시의 전체 세부 정보,에이치엘클레무브,성남 분당구,https://kr.indeed.com/rc/clk?jk=04dd0cc990214ca8&fccid=6de6a3ce1560072b&vjs=3
마케팅본부 신입/경력 사원 모집의 전체 세부 정보,동아오츠카,서울 동대문구,https://kr.indeed.com/rc/clk?jk=7cb816bcfc144f5e&fccid=790eead88debeb91&vjs=3
인공지능(딥러닝) 로봇 자동화 소프트웨어 개발자(Python우대)의 전체 세부 정보,주식회사 토트 관심기업,서울 성수동1가,https://kr.indeed.com/rc/clk?jk=058e9510f9548e49&fccid=bc605d141ca9f67d&vjs=3
데이터분석 전문가 모집의 전체 세부 정보,11번가,서울 남대문로5가,https://kr.indeed.com/rc/clk?jk=e6f79134827d23a7&fccid=aba8aade58c00c02&vjs=3
[11번가] 검색서비스개발 분야의 전체 세부 정보,십일번가,서울 중구,https://kr.indeed.com/rc/clk?jk=a1a6f161476054d7&fccid=54911ff2dce6c429&vjs=3
GUI 시스템 개발의 전체 세부 정보,BM PHR,서울 송파구,https://kr.indeed.com/rc/clk?jk=681608bebd3b74e8&fccid=7cb2a3e8ca0d944f&vjs=3
디지털 미디어 매니저(퍼포먼스&브랜딩) 신입/경력의 전체 세부 정보,스스스스,서울 서초구,https://kr.indeed.com/rc/clk?jk=4d6fa0f1b9726d7c&fccid=350448f49645d244&vjs=3
Python 개발 경력 정규직의 전체 세부 정보,솔루게이트,서울 금천구,https://kr.indeed.com/rc/clk?jk=48f440f309cb72c1&fccid=7d110b0004a792cd&vjs=3
[데브시스터즈] Data Analyst의 전체 세부 정보,데브시스터즈,서울 강남구,https://kr.indeed.com/rc/clk?jk=6b53335986238646&fccid=58a9a803698a0afd&vjs=3
한국행동과학연구소 각 부문 수시의 전체 세부 정보,한국행동과학연구소,서울 강남구,https://kr.indeed.com/rc/clk?jk=287a2f9783758916&fccid=bfea989faf5bd4e4&vjs=3
기술 문서 작성 전문가의 전체 세부 정보,딥엑스,성남 분당구,https://kr.indeed.com/rc/clk?jk=44f52ea73a6d25da&fccid=e34932b8232a173b&vjs=3
2022년 상반기 주식회사 쏘마 전 개발 직군 (백엔드  프론트엔드 외 신입/경력 정규직)의 전체 세부 정보,쏘마,성남 분당구,https://kr.indeed.com/rc/clk?jk=13ef6f86810c0843&fccid=a3463f311ce6421e&vjs=3
Technical Support Engineer의 전체 세부 정보,MiR,대한민국,https://kr.indeed.com/rc/clk?jk=d205194a9ea8d437&fccid=fc5c650704eef98c&vjs=3
자동화제어-생산기술 (울산공장)[신입]의 전체 세부 정보,현대자동차그룹,대한민국,https://kr.indeed.com/rc/clk?jk=cd18e093d34e0832&fccid=980d6ecc399a3373&vjs=3
소프트웨어 개발 python  flutter(파이썬  플러터)의 전체 세부 정보,엘레펀트,창원 의창구,https://kr.indeed.com/rc/clk?jk=3f466e1e5f6a97ea&fccid=dd616958bd9ddc12&vjs=3
Operations Manager의 전체 세부 정보,Uber,서울,https://kr.indeed.com/rc/clk?jk=f915c9a9f8f8a554&fccid=f766f8bfbc3effb7&vjs=3
Data Engineer 신입사원의 전체 세부 정보,플리토,서울 강남구,https://kr.indeed.com/rc/clk?jk=5ab0b45dfa93411b&fccid=01aed038bcce2a5f&vjs=3
국내 리딩 뷰티 기업 (서울 용산 근무)  Data Analyst의 전체 세부 정보,코어포인트,서울 용산구,https://kr.indeed.com/rc/clk?jk=3c942a0993892958&fccid=a71819ff34fb2d90&vjs=3
[신선하이개발실] Data Scientist의 전체 세부 정보,그린랩스,서울 송파구,https://kr.indeed.com/rc/clk?jk=506ddf5bb316e8f7&fccid=feeacbc1377594e2&vjs=3
Senior Open Source Developer & DevOps (Python  Django  React  AWS/OpenStack),OpenCraft,Anywhere in the World,https://weworkremotely.com/remote-jobs/opencraft-senior-open-source-developer-devops-python-django-react-aws-openstack
(Senior) Python Full Stack Software Developer,Optimile,Europe Only,https://weworkremotely.com/remote-jobs/optimile-senior-python-full-stack-software-developer
Python / PHP Senior Developer for Ambitious Startup,Soundsnap/ Beatopia,Europe Only,https://weworkremotely.com/remote-jobs/soundsnap-beatopia-python-php-senior-developer-for-ambitious-startup
Senior Software Engineer  Python,AssemblyAI (YC 17),Anywhere in the World,https://weworkremotely.com/remote-jobs/assemblyai-yc-17-senior-software-engineer-python
Senior Backend Engineer - Python,TheoremOne  LLC,Anywhere in the World,https://weworkremotely.com/remote-jobs/theoremone-llc-senior-backend-engineer-python
Senior Python Developer - Full Remote ,Ebury,Latin America Only/Europe Only,https://weworkremotely.com/remote-jobs/ebury-senior-python-developer-full-remote-1
Python Developer - Remote,UpStack Technologies  Inc.,Americas Only/Europe Only,https://weworkremotely.com/remote-jobs/upstack-technologies-inc-python-developer-remote
Senior Backend Engineer (Python),TestGorilla,Anywhere in the World,https://weworkremotely.com/remote-jobs/testgorilla-senior-backend-engineer-python-7
Backend Engineer (Python),TestGorilla,Anywhere in the World,https://weworkremotely.com/remote-jobs/testgorilla-backend-engineer-python-6
Python Developer,Lemon.io,Latin America Only/Europe Only,https://weworkremotely.com/remote-jobs/lemon-io-python-developer-1
Senior Back End Developer (Python) - [Remote],EventMobi,Anywhere in the World,https://weworkremotely.com/remote-jobs/eventmobi-senior-back-end-developer-python-remote
Python Platform Engineer,Doximity,Americas Only,https://weworkremotely.com/remote-jobs/doximity-python-platform-engineer
Backend Engineer - Integrations (Python),Cerity Partners LLC,USA Only,https://weworkremotely.com/remote-jobs/cerity-partners-llc-backend-engineer-integrations-python
Software Development Engineer in Test – Python – Cyprus  Greece or Remote ,XM,Anywhere in the World,https://weworkremotely.com/remote-jobs/xm-software-development-engineer-in-test-python-cyprus-greece-or-remote-1
Senior QA Software Test Automation Engineer – Python – Cyprus  Greece  Remote ,XM,Anywhere in the World,https://weworkremotely.com/remote-jobs/xm-senior-qa-software-test-automation-engineer-python-cyprus-greece-remote-1
